{
    "x_offset": 0.005703125,
    "y_offset": 0.046953125,
    "z_offset": 0.031054687499999956
}